{"cameraMode":{"drawMode":0,"name":"Shaded","section":"Shading Mode"},"sceneLighting":true,"audioPlay":false,"sceneViewState":{"m_AlwaysRefresh":false,"showFog":true,"showSkybox":true,"showFlares":true,"showImageEffects":true,"showParticleSystems":true,"showVisualEffectGraphs":true,"m_FxEnabled":true},"in2DMode":false,"pivot":{"x":3.3220486640930177,"y":7.51894474029541,"z":8.564114570617676},"rotation":{"x":-0.024296876043081285,"y":0.8903760313987732,"z":-0.4520672857761383,"w":-0.047859758138656619},"size":0.8778131604194641,"orthographic":false}